{
  "brand_1": 2.9999999999999973,
  "brand_2": 0.2,
  "brand_3": 1.5000000000000013
}