{"global/loss":2.0659446716308594,"final/test_acc":0.9979910254478455,"_timestamp":1.7669994570926352e+09,"_step":14,"final/test_loss":2.0659446716308594,"global/acc":0.9979910254478455,"_wandb":{"runtime":208},"_runtime":208.741813816,"round":15}