{"_timestamp":1.7670028270493102e+09,"_step":14,"round":15,"_runtime":75.615647918,"_wandb":{"runtime":75},"global/loss":1.9468555450439453,"global/acc":0.9979557991027832}