{"global/auc":0.5279431124456389,"_wandb":{"runtime":82},"_runtime":82.375780769,"_timestamp":1.7669991497372487e+09,"_step":14,"round":15,"global/loss":0.47085830569267273,"global/acc":0.9981849193572998}