{"global/loss":3.8970837593078613,"_runtime":53.31727561,"_step":4,"_timestamp":1.7669983419408488e+09,"final/test_acc":0.49926745891571045,"final/test_loss":3.8970837593078613,"global/acc":0.49926745891571045,"_wandb":{"runtime":53},"round":5}