{"round":5,"_wandb":{"runtime":52},"_runtime":52.71233355,"global/loss":2.928502082824707,"global/acc":0.5382252931594849,"_timestamp":1.7669998956609669e+09,"_step":4}