{"round":15,"global/loss":0.35300472378730774,"global/acc":0.9977443218231201,"_wandb":{"runtime":80},"_runtime":80.971453092,"global/auc":0.5430988815173978,"_timestamp":1.7669988978815513e+09,"_step":14}