{"round":5,"global/loss":2.8580427169799805,"global/acc":0.5127623677253723,"_wandb":{"runtime":52},"_runtime":52.174461972,"_timestamp":1.7670002872084894e+09,"_step":4}