{
  "round": 10,
  "comm_mb": 0.1863384246826172,
  "e2e_sec": 7.546812083921395,
  "model_hash": "3a2a21a9a223b2d9335c4cbefaae4bae4058df1accf3fed72c8cc7166a8a1704",
  "prauc": 0.8568841133158166,
  "rocauc": 0.9990876628570237,
  "f1": 0.7534246575342466,
  "precision": 0.632183908045977,
  "recall": 0.9322033898305084,
  "avg_comm_mb": 0.1863384246826172,
  "avg_e2e_sec": 7.542110906890594,
  "chain_verified": true
}